Paper,Dataset,dim,N,query_size,label_cnt,query_label,distribution,label_range,query_label_cnt,K,Threads,M,serf_M,nprobe,ef_construction,ef_search,gamma,M_beta,alpha,L,,partition_size_M,beamSize,split_factor,shift_factor,final_beam_multiply,kgraph_L,iter,S,R,B,kgraph_M,weight_search,Recall,QPS,selectivity,ConstructionTime,IndexSize,CompsPerQuery,File,Memory
ACORN,sift1M,128,1000000,10000,1,1,random,8,1,10,128,40,,,1000,400,12.0,64,,,,,,,,,,,,,,,,-1,-1,,123.969,1019.6157360076904,-1,logs/11-20-2024_sift1M_ACORN,
DiskANN,sift1M,128,1000000,10000,1,1,random,8,1,10,128,40,,,,,,,1.2,400,,,,,,,,,,,,,,-1,-1,,20.1437,648.4102954864502,-1,logs/11-20-2024_sift1M_DiskANN,
HNSW,sift1M,128,1000000,10000,1,1,random,8,1,10,128,40,,,1000,400,,,,,,,,,,,,,,,,,,-1,-1,,-1,808.806978225708,-1,logs/11-20-2024_sift1M_HNSW,
iRangeGraph,sift1M,128,1000000,10000,1,1,random,8,1,10,128,,,,1000,400,,,,,,,,,,,,,,,,,,-1,-1,,2764.59,1487.280143737793,-1,logs/11-20-2024_sift1M_iRangeGraph,
IVFPQ,sift1M,128,1000000,10000,1,1,random,8,1,10,128,,,100,,,,,,,,4,,,,,,,,,,,,-1,-1,,303.415,40.25578689575195,-1,logs/11-20-2024_sift1M_IVFPQ,
NHQ_kgraph,sift1M,128,1000000,10000,1,1,random,8,1,10,128,40,,,1000,400,,,,,,,,,,,100,12,10,300,0.4,1,140000.0,-1,-1,,11.1404,70.7696123123169,-1,logs/11-20-2024_sift1M_NHQ_kgraph,
NHQ_nsw,sift1M,128,1000000,10000,1,1,random,8,1,10,128,40,,,1000,400,,,,,,,,,,,,,,,,,,-1,-1,,63.1092,645.637619972229,-1,logs/11-20-2024_sift1M_NHQ_nsw,
RII,sift1M,128,1000000,10000,1,1,random,8,1,10,128,,,,,,,,,,,4,,,,,,,,,,,,-1,-1,,-1,0,-1,logs/11-20-2024_sift1M_RII,
SeRF,sift1M,128,1000000,10000,1,1,random,8,1,10,128,,8,,1000,400,,,,,,,,,,,,,,,,,,0.9885,594.0,,21.117522,183.33124446868896,3016.0,logs/11-20-2024_sift1M_SeRF,
WST_opt,sift1M,128,1000000,10000,1,1,random,8,1,10,128,,,,,,,,,,,,40.0,2,0.5,16,,,,,,,,0.6890500000000007,18190.698781866653,,321.0022292137146,899.1407165527344,10735.2,logs/11-20-2024_sift1M_WST_opt,
DiskANN,sift1M,128,1000000,10000,1,1,random,8,1,10,1,40,,,,,,,1.2,20,,,,,,,,,,,,,,0.4436,7909.97,,-1,648.4102954864502,183.84,logs/11-22-2024_sift1M_DiskANN/summary_DiskANN_sift1M_L20.txt,
DiskANN,sift1M,128,1000000,10000,1,1,random,8,1,10,1,40,,,,,,,1.2,40,,,,,,,,,,,,,,0.5966,5829.58,,-1,648.4102954864502,277.3,logs/11-22-2024_sift1M_DiskANN/summary_DiskANN_sift1M_L40.txt,
DiskANN,sift1M,128,1000000,10000,1,1,random,8,1,10,1,40,,,,,,,1.2,60,,,,,,,,,,,,,,0.6774,3733.58,,-1,648.4102954864502,356.76,logs/11-22-2024_sift1M_DiskANN/summary_DiskANN_sift1M_L60.txt,
DiskANN,sift1M,128,1000000,10000,1,1,random,8,1,10,1,40,,,,,,,1.2,80,,,,,,,,,,,,,,0.7314,2973.34,,-1,648.4102954864502,430.07,logs/11-22-2024_sift1M_DiskANN/summary_DiskANN_sift1M_L80.txt,
DiskANN,sift1M,128,1000000,10000,1,1,random,8,1,10,1,40,,,,,,,1.2,100,,,,,,,,,,,,,,0.7694,2420.04,,-1,648.4102954864502,499.5,logs/11-22-2024_sift1M_DiskANN/summary_DiskANN_sift1M_L100.txt,
DiskANN,sift1M,128,1000000,10000,1,1,random,8,1,10,1,40,,,,,,,1.2,150,,,,,,,,,,,,,,0.8252,1844.91,,-1,648.4102954864502,663.96,logs/11-22-2024_sift1M_DiskANN/summary_DiskANN_sift1M_L150.txt,
DiskANN,sift1M,128,1000000,10000,1,1,random,8,1,10,1,40,,,,,,,1.2,200,,,,,,,,,,,,,,0.8591,1508.5,,-1,648.4102954864502,821.08,logs/11-22-2024_sift1M_DiskANN/summary_DiskANN_sift1M_L200.txt,
DiskANN,sift1M,128,1000000,10000,1,1,random,8,1,10,1,40,,,,,,,1.2,300,,,,,,,,,,,,,,0.8974,1087.06,,-1,648.4102954864502,1118.35,logs/11-22-2024_sift1M_DiskANN/summary_DiskANN_sift1M_L300.txt,
DiskANN,sift1M,128,1000000,10000,1,1,random,8,1,10,1,40,,,,,,,1.2,400,,,,,,,,,,,,,,0.919,966.05,,-1,648.4102954864502,1401.15,logs/11-22-2024_sift1M_DiskANN/summary_DiskANN_sift1M_L400.txt,
DiskANN,sift1M,128,1000000,10000,1,1,random,8,1,10,1,40,,,,,,,1.2,500,,,,,,,,,,,,,,0.9326,745.56,,-1,648.4102954864502,1673.23,logs/11-22-2024_sift1M_DiskANN/summary_DiskANN_sift1M_L500.txt,
DiskANN,sift1M,128,1000000,10000,1,1,random,8,1,10,1,40,,,,,,,1.2,1000,,,,,,,,,,,,,,0.9625,440.81,,-1,648.4102954864502,2919.46,logs/11-22-2024_sift1M_DiskANN/summary_DiskANN_sift1M_L1000.txt,
iRangeGraph,sift1M,128,1000000,10000,1,1,random,8,1,10,1,,,,1000,20,,,,,,,,,,,,,,,,,,0.91313,6434.29,,-1,1487.3061599731445,624.0,logs/11-22-2024_sift1M_iRangeGraph/summary_iRangeGraph_sift1M_efs20.txt,
iRangeGraph,sift1M,128,1000000,10000,1,1,random,8,1,10,1,,,,1000,40,,,,,,,,,,,,,,,,,,0.97359,5122.92,,-1,1487.3061599731445,1040.0,logs/11-22-2024_sift1M_iRangeGraph/summary_iRangeGraph_sift1M_efs40.txt,
iRangeGraph,sift1M,128,1000000,10000,1,1,random,8,1,10,1,,,,1000,60,,,,,,,,,,,,,,,,,,0.99002,3656.6,,-1,1487.3061599731445,1447.0,logs/11-22-2024_sift1M_iRangeGraph/summary_iRangeGraph_sift1M_efs60.txt,
iRangeGraph,sift1M,128,1000000,10000,1,1,random,8,1,10,1,,,,1000,80,,,,,,,,,,,,,,,,,,0.99537,2805.7,,-1,1487.3061599731445,1836.0,logs/11-22-2024_sift1M_iRangeGraph/summary_iRangeGraph_sift1M_efs80.txt,
iRangeGraph,sift1M,128,1000000,10000,1,1,random,8,1,10,1,,,,1000,100,,,,,,,,,,,,,,,,,,0.99761,2373.23,,-1,1487.3061599731445,2209.0,logs/11-22-2024_sift1M_iRangeGraph/summary_iRangeGraph_sift1M_efs100.txt,
iRangeGraph,sift1M,128,1000000,10000,1,1,random,8,1,10,1,,,,1000,150,,,,,,,,,,,,,,,,,,0.99936,1651.24,,-1,1487.3061599731445,3084.0,logs/11-22-2024_sift1M_iRangeGraph/summary_iRangeGraph_sift1M_efs150.txt,
iRangeGraph,sift1M,128,1000000,10000,1,1,random,8,1,10,1,,,,1000,200,,,,,,,,,,,,,,,,,,0.99979,1266.0,,-1,1487.3061599731445,3888.0,logs/11-22-2024_sift1M_iRangeGraph/summary_iRangeGraph_sift1M_efs200.txt,
iRangeGraph,sift1M,128,1000000,10000,1,1,random,8,1,10,1,,,,1000,300,,,,,,,,,,,,,,,,,,0.99996,931.416,,-1,1487.3061599731445,5340.0,logs/11-22-2024_sift1M_iRangeGraph/summary_iRangeGraph_sift1M_efs300.txt,
iRangeGraph,sift1M,128,1000000,10000,1,1,random,8,1,10,1,,,,1000,400,,,,,,,,,,,,,,,,,,0.99998,747.49,,-1,1487.3061599731445,6630.0,logs/11-22-2024_sift1M_iRangeGraph/summary_iRangeGraph_sift1M_efs400.txt,
iRangeGraph,sift1M,128,1000000,10000,1,1,random,8,1,10,1,,,,1000,500,,,,,,,,,,,,,,,,,,0.99999,614.531,,-1,1487.3061599731445,7797.0,logs/11-22-2024_sift1M_iRangeGraph/summary_iRangeGraph_sift1M_efs500.txt,
iRangeGraph,sift1M,128,1000000,10000,1,1,random,8,1,10,1,,,,1000,1000,,,,,,,,,,,,,,,,,,1.0,293.574,,-1,1487.3061599731445,12465.0,logs/11-22-2024_sift1M_iRangeGraph/summary_iRangeGraph_sift1M_efs1000.txt,
Milvus,sift1M,128,1000000,10000,1,1,random,8,1,10,1,,,1,,,,,,,,,,,,,,,,,,,,0.95461,143.49305281218062,,-1,0,-1,logs/11-24-2024_sift1M_Milvus/summary_Milvus_sift1M_nprobe1.txt,
Milvus,sift1M,128,1000000,10000,1,1,random,8,1,10,1,,,3,,,,,,,,,,,,,,,,,,,,0.95675,150.69627122385535,,-1,0,-1,logs/11-24-2024_sift1M_Milvus/summary_Milvus_sift1M_nprobe3.txt,
Milvus,sift1M,128,1000000,10000,1,1,random,8,1,10,1,,,5,,,,,,,,,,,,,,,,,,,,0.95356,141.2019672432015,,-1,0,-1,logs/11-24-2024_sift1M_Milvus/summary_Milvus_sift1M_nprobe5.txt,
Milvus,sift1M,128,1000000,10000,1,1,random,8,1,10,1,,,10,,,,,,,,,,,,,,,,,,,,0.97003,138.23130011817062,,-1,0,-1,logs/11-24-2024_sift1M_Milvus/summary_Milvus_sift1M_nprobe10.txt,
Milvus,sift1M,128,1000000,10000,1,1,random,8,1,10,1,,,20,,,,,,,,,,,,,,,,,,,,0.93665,126.9774202374853,,-1,0,-1,logs/11-24-2024_sift1M_Milvus/summary_Milvus_sift1M_nprobe20.txt,
Milvus,sift1M,128,1000000,10000,1,1,random,8,1,10,1,,,30,,,,,,,,,,,,,,,,,,,,0.93185,121.73410827933711,,-1,0,-1,logs/11-24-2024_sift1M_Milvus/summary_Milvus_sift1M_nprobe30.txt,
Milvus,sift1M,128,1000000,10000,1,1,random,8,1,10,1,,,50,,,,,,,,,,,,,,,,,,,,0.93405,125.35042827469262,,-1,0,-1,logs/11-24-2024_sift1M_Milvus/summary_Milvus_sift1M_nprobe50.txt,
Milvus,sift1M,128,1000000,10000,1,1,random,8,1,10,1,,,80,,,,,,,,,,,,,,,,,,,,0.92727,122.1680817291716,,-1,0,-1,logs/11-24-2024_sift1M_Milvus/summary_Milvus_sift1M_nprobe80.txt,
Milvus,sift1M,128,1000000,10000,1,1,random,8,1,10,1,,,100,,,,,,,,,,,,,,,,,,,,0.94703,119.95450341631347,,-1,0,-1,logs/11-24-2024_sift1M_Milvus/summary_Milvus_sift1M_nprobe100.txt,
Milvus,sift1M,128,1000000,10000,1,1,random,8,1,10,1,,,150,,,,,,,,,,,,,,,,,,,,0.92406,106.31595805723235,,-1,0,-1,logs/11-24-2024_sift1M_Milvus/summary_Milvus_sift1M_nprobe150.txt,
Milvus,sift1M,128,1000000,10000,1,1,random,8,1,10,1,,,200,,,,,,,,,,,,,,,,,,,,0.92825,109.11717553747553,,-1,0,-1,logs/11-24-2024_sift1M_Milvus/summary_Milvus_sift1M_nprobe200.txt,
Milvus,sift1M,128,1000000,10000,1,1,random,8,1,10,1,,,300,,,,,,,,,,,,,,,,,,,,0.92389,100.01372048730097,,-1,0,-1,logs/11-24-2024_sift1M_Milvus/summary_Milvus_sift1M_nprobe300.txt,
NHQ_nsw,sift1M,128,1000000,10000,1,1,random,8,1,10,1,40,,,1000,20,,,,,,,,,,,,,,,,,,0.15777,18376.9,,-1,645.637619972229,277.322,logs/11-26-2024_sift1M_NHQ_nsw/summary_NHQ_nsw_sift1M_weightsearch140000_efsearch20.txt,666.0
NHQ_nsw,sift1M,128,1000000,10000,1,1,random,8,1,10,1,40,,,1000,40,,,,,,,,,,,,,,,,,,0.47683,7808.71,,-1,645.637619972229,523.877,logs/11-26-2024_sift1M_NHQ_nsw/summary_NHQ_nsw_sift1M_weightsearch140000_efsearch40.txt,665.0
NHQ_nsw,sift1M,128,1000000,10000,1,1,random,8,1,10,1,40,,,1000,60,,,,,,,,,,,,,,,,,,0.66226,6754.2,,-1,645.637619972229,752.874,logs/11-26-2024_sift1M_NHQ_nsw/summary_NHQ_nsw_sift1M_weightsearch140000_efsearch60.txt,666.0
NHQ_nsw,sift1M,128,1000000,10000,1,1,random,8,1,10,1,40,,,1000,80,,,,,,,,,,,,,,,,,,0.77161,4408.68,,-1,645.637619972229,967.326,logs/11-26-2024_sift1M_NHQ_nsw/summary_NHQ_nsw_sift1M_weightsearch140000_efsearch80.txt,666.0
NHQ_nsw,sift1M,128,1000000,10000,1,1,random,8,1,10,1,40,,,1000,100,,,,,,,,,,,,,,,,,,0.84367,4372.8,,-1,645.637619972229,1169.61,logs/11-26-2024_sift1M_NHQ_nsw/summary_NHQ_nsw_sift1M_weightsearch140000_efsearch100.txt,666.0
NHQ_nsw,sift1M,128,1000000,10000,1,1,random,8,1,10,1,40,,,1000,150,,,,,,,,,,,,,,,,,,0.93393,2569.46,,-1,645.637619972229,1634.1,logs/11-26-2024_sift1M_NHQ_nsw/summary_NHQ_nsw_sift1M_weightsearch140000_efsearch150.txt,666.0
NHQ_nsw,sift1M,128,1000000,10000,1,1,random,8,1,10,1,40,,,1000,200,,,,,,,,,,,,,,,,,,0.96981,2308.61,,-1,645.637619972229,2052.42,logs/11-26-2024_sift1M_NHQ_nsw/summary_NHQ_nsw_sift1M_weightsearch140000_efsearch200.txt,665.0
NHQ_nsw,sift1M,128,1000000,10000,1,1,random,8,1,10,1,40,,,1000,500,,,,,,,,,,,,,,,,,,0.99934,1509.72,,-1,645.637619972229,4072.39,logs/11-26-2024_sift1M_NHQ_nsw/summary_NHQ_nsw_sift1M_weightsearch140000_efsearch500.txt,666.0
NHQ_nsw,sift1M,128,1000000,10000,1,1,random,8,1,10,1,40,,,1000,400,,,,,,,,,,,,,,,,,,0.9978,1509.46,,-1,645.637619972229,3464.5,logs/11-26-2024_sift1M_NHQ_nsw/summary_NHQ_nsw_sift1M_weightsearch140000_efsearch400.txt,666.0
NHQ_nsw,sift1M,128,1000000,10000,1,1,random,8,1,10,1,40,,,1000,300,,,,,,,,,,,,,,,,,,0.99168,1479.41,,-1,645.637619972229,2799.62,logs/11-26-2024_sift1M_NHQ_nsw/summary_NHQ_nsw_sift1M_weightsearch140000_efsearch300.txt,665.0
NHQ_nsw,sift1M,128,1000000,10000,1,1,random,8,1,10,1,40,,,1000,1000,,,,,,,,,,,,,,,,,,0.99999,637.445,,-1,645.637619972229,6613.83,logs/11-26-2024_sift1M_NHQ_nsw/summary_NHQ_nsw_sift1M_weightsearch140000_efsearch1000.txt,667.0
RII,sift1M,128,1000000,10000,1,1,random,8,1,10,1,,,,,,,,,,,4,,,,,,,,,,,,0.18152,685.7298612434478,,-1,12.708712577819824,-1,logs/11-26-2024_sift1M_RII/summary_RII_sift1M.txt,1029.30859375
RII,sift1M,128,1000000,10000,1,1,random,8,1,10,128,,,,,,,,,,,4,,,,,,,,,,,,0.18152,685.7298612434478,,15.459709405899048,12.708712577819824,-1,logs/11-26-2024_sift1M_RII/summary_RII_sift1M.txt,1843.546875
RII,sift1M,128,1000000,10000,1,1,random,8,1,10,1,,,,,,,,,,,4,,,,,,,,,,,,0.18152,684.5263076103869,,-1,12.708712577819824,-1,logs/11-26-2024_sift1M_RII/summary_RII_sift1M.txt,1029.7421875
RII,sift1M,128,1000000,10000,1,1,random,8,1,10,1,,,,,,,,,,,4,,,,,,,,,,,,0.0927,1135.8061078488615,,-1,12.708712577819824,-1,logs/11-26-2024_sift1M_RII/summary_RII_sift1M.txt,1029.3984375
RII,sift1M,128,1000000,10000,1,1,random,8,1,10,1,,,,,,,,,,,4,,,,,,,,,,,,0.18152,691.9985897714744,,-1,12.708712577819824,-1,logs/11-26-2024_sift1M_RII/summary_RII_sift1M.txt,1031.25390625
RII,sift1M,128,1000000,10000,1,1,random,8,1,10,128,,,,,,,,,,,32,,,,,,,,,,,,0.18152,691.9985897714744,,97.71472454071045,66.2560224533081,-1,logs/11-26-2024_sift1M_RII/summary_RII_sift1M.txt,1031.2578125
RII,sift1M,128,1000000,10000,1,1,random,8,1,10,1,,,,,,,,,,,32,,,,,,,,,,,,0.61632,597.4279868714389,,-1,66.2560224533081,-1,logs/11-26-2024_sift1M_RII/summary_RII_sift1M.txt,1029.8125
RII,sift1M,128,1000000,10000,1,1,random,8,1,10,1,,,,,,,,,,,64,,,,,,,,,,,,0.70243,503.984892988235,,-1,127.45299339294434,-1,logs/11-26-2024_sift1M_RII/summary_RII_sift1M.txt,1269.953125
SeRF,sift1M,128,1000000,10000,1,1,random,8,1,10,1,,8,,1000,20,,,,,,,,,,,,,,,,,,0.6564,6333.0,,-1,183.33124446868896,339.0,logs/11-26-2024_sift1M_SeRF/summary_SeRF_sift1M_weightsearch140000_efsearch20.txt,1078.04296875
SeRF,sift1M,128,1000000,10000,1,1,random,8,1,10,1,,8,,1000,40,,,,,,,,,,,,,,,,,,0.7922,4094.0,,-1,183.33124446868896,530.0,logs/11-26-2024_sift1M_SeRF/summary_SeRF_sift1M_weightsearch140000_efsearch40.txt,1077.0546875
SeRF,sift1M,128,1000000,10000,1,1,random,8,1,10,1,,8,,1000,60,,,,,,,,,,,,,,,,,,0.8561,2950.0,,-1,183.33124446868896,707.0,logs/11-26-2024_sift1M_SeRF/summary_SeRF_sift1M_weightsearch140000_efsearch60.txt,1077.0546875
SeRF,sift1M,128,1000000,10000,1,1,random,8,1,10,1,,8,,1000,80,,,,,,,,,,,,,,,,,,0.8943,2410.0,,-1,183.33124446868896,875.0,logs/11-26-2024_sift1M_SeRF/summary_SeRF_sift1M_weightsearch140000_efsearch80.txt,1077.05078125
SeRF,sift1M,128,1000000,10000,1,1,random,8,1,10,1,,8,,1000,100,,,,,,,,,,,,,,,,,,0.9182,2042.0,,-1,183.33124446868896,1035.0,logs/11-26-2024_sift1M_SeRF/summary_SeRF_sift1M_weightsearch140000_efsearch100.txt,1076.8359375
SeRF,sift1M,128,1000000,10000,1,1,random,8,1,10,1,,8,,1000,150,,,,,,,,,,,,,,,,,,0.9513,1504.0,,-1,183.33124446868896,1415.0,logs/11-26-2024_sift1M_SeRF/summary_SeRF_sift1M_weightsearch140000_efsearch150.txt,1077.046875
SeRF,sift1M,128,1000000,10000,1,1,random,8,1,10,1,,8,,1000,200,,,,,,,,,,,,,,,,,,0.9682,1187.0,,-1,183.33124446868896,1769.0,logs/11-26-2024_sift1M_SeRF/summary_SeRF_sift1M_weightsearch140000_efsearch200.txt,1077.05078125
SeRF,sift1M,128,1000000,10000,1,1,random,8,1,10,1,,8,,1000,300,,,,,,,,,,,,,,,,,,0.9824,759.0,,-1,183.33124446868896,2420.0,logs/11-26-2024_sift1M_SeRF/summary_SeRF_sift1M_weightsearch140000_efsearch300.txt,1077.0546875
SeRF,sift1M,128,1000000,10000,1,1,random,8,1,10,1,,8,,1000,400,,,,,,,,,,,,,,,,,,0.9885,690.0,,-1,183.33124446868896,3016.0,logs/11-26-2024_sift1M_SeRF/summary_SeRF_sift1M_weightsearch140000_efsearch400.txt,1077.05078125
SeRF,sift1M,128,1000000,10000,1,1,random,8,1,10,1,,8,,1000,500,,,,,,,,,,,,,,,,,,0.9916,571.0,,-1,183.33124446868896,3574.0,logs/11-26-2024_sift1M_SeRF/summary_SeRF_sift1M_weightsearch140000_efsearch500.txt,1077.05078125
SeRF,sift1M,128,1000000,10000,1,1,random,8,1,10,1,,8,,1000,1000,,,,,,,,,,,,,,,,,,0.9963,308.0,,-1,183.33124446868896,5990.0,logs/11-26-2024_sift1M_SeRF/summary_SeRF_sift1M_weightsearch140000_efsearch1000.txt,1077.0546875
Vamana_tree,sift1M,128,1000000,10000,1,1,random,8,1,10,1,,,,,,,,,,,,20,2,,16,,,,,,,,0.6916599999999911,2112.606987679065,,-1,735.0336151123047,3516.58,logs/11-27-2024_sift1M_Vamana_tree/summary_Vamana_tree_sift1M_beamsize20.txt,4835.04296875
Vamana_tree,sift1M,128,1000000,10000,1,1,random,8,1,10,1,,,,,,,,,,,,40,2,,16,,,,,,,,0.7272299999999916,1256.7374326751121,,-1,735.0336151123047,6041.16,logs/11-27-2024_sift1M_Vamana_tree/summary_Vamana_tree_sift1M_beamsize40.txt,4833.66015625
Vamana_tree,sift1M,128,1000000,10000,1,1,random,8,1,10,1,,,,,,,,,,,,60,2,,16,,,,,,,,0.7436299999999919,978.2477172842304,,-1,735.0336151123047,8386.79,logs/11-27-2024_sift1M_Vamana_tree/summary_Vamana_tree_sift1M_beamsize60.txt,4835.6875
Vamana_tree,sift1M,128,1000000,10000,1,1,random,8,1,10,1,,,,,,,,,,,,80,2,,16,,,,,,,,0.7548899999999931,784.6458077630267,,-1,735.0336151123047,10095.5,logs/11-27-2024_sift1M_Vamana_tree/summary_Vamana_tree_sift1M_beamsize80.txt,4833.6171875
Vamana_tree,sift1M,128,1000000,10000,1,1,random,8,1,10,1,,,,,,,,,,,,100,2,,16,,,,,,,,0.7643899999999944,659.315408264836,,-1,735.0336151123047,11542.9,logs/11-27-2024_sift1M_Vamana_tree/summary_Vamana_tree_sift1M_beamsize100.txt,4836.359375
Vamana_tree,sift1M,128,1000000,10000,1,1,random,8,1,10,1,,,,,,,,,,,,150,2,,16,,,,,,,,0.7847099999999928,449.78718479538674,,-1,735.0336151123047,15092.0,logs/11-27-2024_sift1M_Vamana_tree/summary_Vamana_tree_sift1M_beamsize150.txt,4836.609375
Vamana_tree,sift1M,128,1000000,10000,1,1,random,8,1,10,1,,,,,,,,,,,,200,2,,16,,,,,,,,0.8028699999999901,311.84533675643416,,-1,735.0336151123047,17957.7,logs/11-27-2024_sift1M_Vamana_tree/summary_Vamana_tree_sift1M_beamsize200.txt,4835.625
Vamana_tree,sift1M,128,1000000,10000,1,1,random,8,1,10,1,,,,,,,,,,,,300,2,,16,,,,,,,,0.8303599999999874,168.05213149001975,,-1,735.0336151123047,22882.5,logs/11-27-2024_sift1M_Vamana_tree/summary_Vamana_tree_sift1M_beamsize300.txt,4836.6328125
Vamana_tree,sift1M,128,1000000,10000,1,1,random,8,1,10,1,,,,,,,,,,,,400,2,,16,,,,,,,,0.8537999999999872,108.74490211279011,,-1,735.0336151123047,26765.2,logs/11-27-2024_sift1M_Vamana_tree/summary_Vamana_tree_sift1M_beamsize400.txt,4836.66015625
Vamana_tree,sift1M,128,1000000,10000,1,1,random,8,1,10,1,,,,,,,,,,,,500,2,,16,,,,,,,,0.8718999999999829,77.12556884948631,,-1,735.0336151123047,30446.6,logs/11-27-2024_sift1M_Vamana_tree/summary_Vamana_tree_sift1M_beamsize500.txt,4836.515625
Vamana_tree,sift1M,128,1000000,10000,1,1,random,8,1,10,1,,,,,,,,,,,,1000,2,,16,,,,,,,,0.9274699999999717,30.502411043375204,,-1,735.0336151123047,40989.1,logs/11-27-2024_sift1M_Vamana_tree/summary_Vamana_tree_sift1M_beamsize1000.txt,4835.66015625
ACORN,sift1M,128,1000000,10000,1,1,random,8,1,10,1,40,,,1000,20,12.0,64,,,,,,,,,,,,,,,,0.875,1974.487,,-1,1019.6157360076904,947.676,logs/11-27-2024_sift1M_ACORN/summary_ACORN_sift1M_efs20.txt,11107.62109375
ACORN,sift1M,128,1000000,10000,1,1,random,8,1,10,1,40,,,1000,40,12.0,64,,,,,,,,,,,,,,,,0.956,1182.232,,-1,1019.6157360076904,1563.77,logs/11-27-2024_sift1M_ACORN/summary_ACORN_sift1M_efs40.txt,11109.5859375
ACORN,sift1M,128,1000000,10000,1,1,random,8,1,10,1,40,,,1000,60,12.0,64,,,,,,,,,,,,,,,,0.978,855.558,,-1,1019.6157360076904,2098.261,logs/11-27-2024_sift1M_ACORN/summary_ACORN_sift1M_efs60.txt,11110.58984375
ACORN,sift1M,128,1000000,10000,1,1,random,8,1,10,1,40,,,1000,80,12.0,64,,,,,,,,,,,,,,,,0.987,715.848,,-1,1019.6157360076904,2580.574,logs/11-27-2024_sift1M_ACORN/summary_ACORN_sift1M_efs80.txt,11110.578125
ACORN,sift1M,128,1000000,10000,1,1,random,8,1,10,1,40,,,1000,150,12.0,64,,,,,,,,,,,,,,,,0.996,419.489,,-1,1019.6157360076904,4026.158,logs/11-27-2024_sift1M_ACORN/summary_ACORN_sift1M_efs150.txt,11109.578125
ACORN,sift1M,128,1000000,10000,1,1,random,8,1,10,1,40,,,1000,100,12.0,64,,,,,,,,,,,,,,,,0.992,420.914,,-1,1019.6157360076904,3027.096,logs/11-27-2024_sift1M_ACORN/summary_ACORN_sift1M_efs100.txt,11110.58984375
ACORN,sift1M,128,1000000,10000,1,1,random,8,1,10,1,40,,,1000,200,12.0,64,,,,,,,,,,,,,,,,0.998,344.26,,-1,1019.6157360076904,4908.82,logs/11-27-2024_sift1M_ACORN/summary_ACORN_sift1M_efs200.txt,11109.5859375
ACORN,sift1M,128,1000000,10000,1,1,random,8,1,10,1,40,,,1000,300,12.0,64,,,,,,,,,,,,,,,,0.999,252.492,,-1,1019.6157360076904,6452.245,logs/11-27-2024_sift1M_ACORN/summary_ACORN_sift1M_efs300.txt,11110.5859375
ACORN,sift1M,128,1000000,10000,1,1,random,8,1,10,1,40,,,1000,400,12.0,64,,,,,,,,,,,,,,,,1.0,195.295,,-1,1019.6157360076904,7793.144,logs/11-27-2024_sift1M_ACORN/summary_ACORN_sift1M_efs400.txt,11110.5859375
ACORN,sift1M,128,1000000,10000,1,1,random,8,1,10,1,40,,,1000,500,12.0,64,,,,,,,,,,,,,,,,1.0,169.689,,-1,1019.6157360076904,8995.564,logs/11-27-2024_sift1M_ACORN/summary_ACORN_sift1M_efs500.txt,11108.58984375
ACORN,sift1M,128,1000000,10000,1,1,random,8,1,10,1,40,,,1000,1000,12.0,64,,,,,,,,,,,,,,,,1.0,93.392,,-1,1019.6157360076904,13785.551,logs/11-27-2024_sift1M_ACORN/summary_ACORN_sift1M_efs1000.txt,11109.5859375
HNSW,sift1M,128,1000000,10000,1,1,random,8,1,10,1,40,,,1000,20,,,,,,,,,,,,,,,,,,0.741,171.281,,-1,808.806978225708,1003.802,logs/11-27-2024_sift1M_HNSW/summary_HNSW_sift1M_efs20.txt,57175.91015625
HNSW,sift1M,128,1000000,10000,1,1,random,8,1,10,1,40,,,1000,60,,,,,,,,,,,,,,,,,,0.94,156.867,,-1,808.806978225708,2747.66,logs/11-27-2024_sift1M_HNSW/summary_HNSW_sift1M_efs60.txt,57175.19921875
HNSW,sift1M,128,1000000,10000,1,1,random,8,1,10,1,40,,,1000,100,,,,,,,,,,,,,,,,,,0.979,153.219,,-1,808.806978225708,4532.081,logs/11-27-2024_sift1M_HNSW/summary_HNSW_sift1M_efs100.txt,57176.9140625
HNSW,sift1M,128,1000000,10000,1,1,random,8,1,10,1,40,,,1000,40,,,,,,,,,,,,,,,,,,0.884,152.12,,-1,808.806978225708,1864.719,logs/11-27-2024_sift1M_HNSW/summary_HNSW_sift1M_efs40.txt,57175.9140625
HNSW,sift1M,128,1000000,10000,1,1,random,8,1,10,1,40,,,1000,200,,,,,,,,,,,,,,,,,,0.997,143.987,,-1,808.806978225708,9023.831,logs/11-27-2024_sift1M_HNSW/summary_HNSW_sift1M_efs200.txt,57176.90625
HNSW,sift1M,128,1000000,10000,1,1,random,8,1,10,1,40,,,1000,300,,,,,,,,,,,,,,,,,,0.999,136.556,,-1,808.806978225708,13525.542,logs/11-27-2024_sift1M_HNSW/summary_HNSW_sift1M_efs300.txt,57175.9140625
HNSW,sift1M,128,1000000,10000,1,1,random,8,1,10,1,40,,,1000,150,,,,,,,,,,,,,,,,,,0.993,143.209,,-1,808.806978225708,6775.879,logs/11-27-2024_sift1M_HNSW/summary_HNSW_sift1M_efs150.txt,57173.9140625
HNSW,sift1M,128,1000000,10000,1,1,random,8,1,10,1,40,,,1000,80,,,,,,,,,,,,,,,,,,0.966,129.66,,-1,808.806978225708,3637.847,logs/11-27-2024_sift1M_HNSW/summary_HNSW_sift1M_efs80.txt,57175.91015625
HNSW,sift1M,128,1000000,10000,1,1,random,8,1,10,1,40,,,1000,400,,,,,,,,,,,,,,,,,,1.0,115.915,,-1,808.806978225708,18032.245,logs/11-27-2024_sift1M_HNSW/summary_HNSW_sift1M_efs400.txt,57176.91015625
HNSW,sift1M,128,1000000,10000,1,1,random,8,1,10,1,40,,,1000,500,,,,,,,,,,,,,,,,,,1.0,101.855,,-1,808.806978225708,22543.97,logs/11-27-2024_sift1M_HNSW/summary_HNSW_sift1M_efs500.txt,57176.9140625
HNSW,sift1M,128,1000000,10000,1,1,random,8,1,10,1,40,,,1000,1000,,,,,,,,,,,,,,,,,,1.0,90.504,,-1,808.806978225708,45110.171,logs/11-27-2024_sift1M_HNSW/summary_HNSW_sift1M_efs1000.txt,57175.9140625
IVFPQ,sift1M,128,1000000,10000,1,1,random,8,1,10,128,,,10,,,,,,,,64,,,,,,,,,,,,-1,-1,,178.492,11.645557403564453,-1,logs/11-27-2024_sift1M_IVFPQ/summary_IVFPQ_sift1M_nprobe10.txt,1089.59765625
IVFPQ,sift1M,128,1000000,10000,1,1,random,8,1,10,1,,,3,,,,,,,,64,,,,,,,,,,,,0.213,172.069,,-1,11.645557403564453,-1,logs/11-27-2024_sift1M_IVFPQ/summary_IVFPQ_sift1M_nprobe3.txt,56387.91015625
IVFPQ,sift1M,128,1000000,10000,1,1,random,8,1,10,1,,,20,,,,,,,,64,,,,,,,,,,,,0.246,165.254,,-1,11.645557403564453,-1,logs/11-27-2024_sift1M_IVFPQ/summary_IVFPQ_sift1M_nprobe20.txt,56386.94921875
IVFPQ,sift1M,128,1000000,10000,1,1,random,8,1,10,1,,,1,,,,,,,,64,,,,,,,,,,,,0.152,167.101,,-1,11.645557403564453,-1,logs/11-27-2024_sift1M_IVFPQ/summary_IVFPQ_sift1M_nprobe1.txt,56387.91015625
IVFPQ,sift1M,128,1000000,10000,1,1,random,8,1,10,1,,,5,,,,,,,,64,,,,,,,,,,,,0.23,161.242,,-1,11.645557403564453,-1,logs/11-27-2024_sift1M_IVFPQ/summary_IVFPQ_sift1M_nprobe5.txt,56386.91015625
IVFPQ,sift1M,128,1000000,10000,1,1,random,8,1,10,1,,,30,,,,,,,,64,,,,,,,,,,,,0.247,161.146,,-1,11.645557403564453,-1,logs/11-27-2024_sift1M_IVFPQ/summary_IVFPQ_sift1M_nprobe30.txt,56386.9140625
IVFPQ,sift1M,128,1000000,10000,1,1,random,8,1,10,1,,,150,,,,,,,,64,,,,,,,,,,,,0.247,148.018,,-1,11.645557403564453,-1,logs/11-27-2024_sift1M_IVFPQ/summary_IVFPQ_sift1M_nprobe150.txt,56384.91015625
IVFPQ,sift1M,128,1000000,10000,1,1,random,8,1,10,1,,,80,,,,,,,,64,,,,,,,,,,,,0.247,152.862,,-1,11.645557403564453,-1,logs/11-27-2024_sift1M_IVFPQ/summary_IVFPQ_sift1M_nprobe80.txt,56386.91015625
IVFPQ,sift1M,128,1000000,10000,1,1,random,8,1,10,1,,,50,,,,,,,,64,,,,,,,,,,,,0.247,154.171,,-1,11.645557403564453,-1,logs/11-27-2024_sift1M_IVFPQ/summary_IVFPQ_sift1M_nprobe50.txt,56385.91015625
IVFPQ,sift1M,128,1000000,10000,1,1,random,8,1,10,1,,,200,,,,,,,,64,,,,,,,,,,,,0.247,137.834,,-1,11.645557403564453,-1,logs/11-27-2024_sift1M_IVFPQ/summary_IVFPQ_sift1M_nprobe200.txt,56387.9140625
IVFPQ,sift1M,128,1000000,10000,1,1,random,8,1,10,1,,,100,,,,,,,,64,,,,,,,,,,,,0.247,143.19,,-1,11.645557403564453,-1,logs/11-27-2024_sift1M_IVFPQ/summary_IVFPQ_sift1M_nprobe100.txt,56387.90625
IVFPQ,sift1M,128,1000000,10000,1,1,random,8,1,10,1,,,300,,,,,,,,64,,,,,,,,,,,,0.247,127.44,,-1,11.645557403564453,-1,logs/11-27-2024_sift1M_IVFPQ/summary_IVFPQ_sift1M_nprobe300.txt,56383.9140625
IVFPQ,sift1M,128,1000000,10000,1,1,random,8,1,10,1,,,10,,,,,,,,64,,,,,,,,,,,,0.242,118.422,,-1,11.645557403564453,-1,logs/11-27-2024_sift1M_IVFPQ/summary_IVFPQ_sift1M_nprobe10.txt,56383.9140625
WST_opt,sift1M,128,1000000,10000,1,1,random,8,1,10,1,,,,,,,,,,,,20,2,0.5,2,,,,,,,,0.5598800000000006,4105.215085346854,,-1,899.1407165527344,2477.07,logs/11-27-2024_sift1M_WST_opt/summary_WST_opt_sift1M_beamsize20_finalbeammul2.txt,7529.47265625
WST_opt,sift1M,128,1000000,10000,1,1,random,8,1,10,1,,,,,,,,,,,,40,2,0.5,2,,,,,,,,0.5642600000000009,2576.80585734205,,-1,899.1407165527344,3837.35,logs/11-27-2024_sift1M_WST_opt/summary_WST_opt_sift1M_beamsize40_finalbeammul2.txt,7529.57421875
WST_opt,sift1M,128,1000000,10000,1,1,random,8,1,10,1,,,,,,,,,,,,60,2,0.5,2,,,,,,,,0.5663400000000023,1798.1983735501362,,-1,899.1407165527344,5297.62,logs/11-27-2024_sift1M_WST_opt/summary_WST_opt_sift1M_beamsize60_finalbeammul2.txt,7529.5390625
WST_opt,sift1M,128,1000000,10000,1,1,random,8,1,10,1,,,,,,,,,,,,80,2,0.5,2,,,,,,,,0.567970000000002,1375.6621288084655,,-1,899.1407165527344,6518.78,logs/11-27-2024_sift1M_WST_opt/summary_WST_opt_sift1M_beamsize80_finalbeammul2.txt,7529.59765625
WST_opt,sift1M,128,1000000,10000,1,1,random,8,1,10,1,,,,,,,,,,,,100,2,0.5,2,,,,,,,,0.5695800000000016,1080.6887750185538,,-1,899.1407165527344,7602.8,logs/11-27-2024_sift1M_WST_opt/summary_WST_opt_sift1M_beamsize100_finalbeammul2.txt,7528.30078125
WST_opt,sift1M,128,1000000,10000,1,1,random,8,1,10,1,,,,,,,,,,,,150,2,0.5,2,,,,,,,,0.5730500000000014,720.2147904671148,,-1,899.1407165527344,10315.0,logs/11-27-2024_sift1M_WST_opt/summary_WST_opt_sift1M_beamsize150_finalbeammul2.txt,7529.5546875
WST_opt,sift1M,128,1000000,10000,1,1,random,8,1,10,1,,,,,,,,,,,,200,2,0.5,2,,,,,,,,0.5763500000000021,508.6254329232857,,-1,899.1407165527344,12704.3,logs/11-27-2024_sift1M_WST_opt/summary_WST_opt_sift1M_beamsize200_finalbeammul2.txt,7529.5703125
WST_opt,sift1M,128,1000000,10000,1,1,random,8,1,10,1,,,,,,,,,,,,300,2,0.5,2,,,,,,,,0.5824200000000013,316.35208910821984,,-1,899.1407165527344,17115.0,logs/11-27-2024_sift1M_WST_opt/summary_WST_opt_sift1M_beamsize300_finalbeammul2.txt,7529.5390625
WST_opt,sift1M,128,1000000,10000,1,1,random,8,1,10,1,,,,,,,,,,,,400,2,0.5,2,,,,,,,,0.5880600000000009,219.32282381837842,,-1,899.1407165527344,20982.9,logs/11-27-2024_sift1M_WST_opt/summary_WST_opt_sift1M_beamsize400_finalbeammul2.txt,7529.078125
WST_opt,sift1M,128,1000000,10000,1,1,random,8,1,10,1,,,,,,,,,,,,500,2,0.5,2,,,,,,,,0.5933600000000012,165.1085749733516,,-1,899.1407165527344,24787.6,logs/11-27-2024_sift1M_WST_opt/summary_WST_opt_sift1M_beamsize500_finalbeammul2.txt,7528.69140625
WST_opt,sift1M,128,1000000,10000,1,1,random,8,1,10,1,,,,,,,,,,,,1000,2,0.5,2,,,,,,,,0.6156999999999996,59.7478268613019,,-1,899.1407165527344,39744.8,logs/11-27-2024_sift1M_WST_opt/summary_WST_opt_sift1M_beamsize1000_finalbeammul2.txt,7533.171875
NHQ_kgraph,sift1M,128,1000000,10000,1,1,random,8,1,10,1,40,,,1000,20,,,,,,,,,,,100,12,10,300,0.4,1,140000.0,0.67192,14721.5,,-1,70.76341724395752,492.344,logs/11-27-2024_sift1M_NHQ_kgraph/summary_NHQ_kgraph_sift1M_efsearch20.txt,1306.28515625
NHQ_kgraph,sift1M,128,1000000,10000,1,1,random,8,1,10,1,40,,,1000,40,,,,,,,,,,,100,12,10,300,0.4,1,140000.0,0.8798,8927.51,,-1,70.76341724395752,798.973,logs/11-27-2024_sift1M_NHQ_kgraph/summary_NHQ_kgraph_sift1M_efsearch40.txt,1306.2734375
NHQ_kgraph,sift1M,128,1000000,10000,1,1,random,8,1,10,1,40,,,1000,60,,,,,,,,,,,100,12,10,300,0.4,1,140000.0,0.95249,6616.58,,-1,70.76341724395752,1072.68,logs/11-27-2024_sift1M_NHQ_kgraph/summary_NHQ_kgraph_sift1M_efsearch60.txt,1306.28125
NHQ_kgraph,sift1M,128,1000000,10000,1,1,random,8,1,10,1,40,,,1000,80,,,,,,,,,,,100,12,10,300,0.4,1,140000.0,0.97747,5322.65,,-1,70.76341724395752,1328.01,logs/11-27-2024_sift1M_NHQ_kgraph/summary_NHQ_kgraph_sift1M_efsearch80.txt,1306.28125
NHQ_kgraph,sift1M,128,1000000,10000,1,1,random,8,1,10,1,40,,,1000,100,,,,,,,,,,,100,12,10,300,0.4,1,140000.0,0.98732,4572.31,,-1,70.76341724395752,1570.16,logs/11-27-2024_sift1M_NHQ_kgraph/summary_NHQ_kgraph_sift1M_efsearch100.txt,1306.28125
NHQ_kgraph,sift1M,128,1000000,10000,1,1,random,8,1,10,1,40,,,1000,150,,,,,,,,,,,100,12,10,300,0.4,1,140000.0,0.99646,3210.22,,-1,70.76341724395752,2134.85,logs/11-27-2024_sift1M_NHQ_kgraph/summary_NHQ_kgraph_sift1M_efsearch150.txt,1306.28515625
NHQ_kgraph,sift1M,128,1000000,10000,1,1,random,8,1,10,1,40,,,1000,200,,,,,,,,,,,100,12,10,300,0.4,1,140000.0,0.99853,2591.15,,-1,70.76341724395752,2654.99,logs/11-27-2024_sift1M_NHQ_kgraph/summary_NHQ_kgraph_sift1M_efsearch200.txt,1306.28125
NHQ_kgraph,sift1M,128,1000000,10000,1,1,random,8,1,10,1,40,,,1000,300,,,,,,,,,,,100,12,10,300,0.4,1,140000.0,0.99933,1872.8,,-1,70.76341724395752,3604.42,logs/11-27-2024_sift1M_NHQ_kgraph/summary_NHQ_kgraph_sift1M_efsearch300.txt,1306.28125
NHQ_kgraph,sift1M,128,1000000,10000,1,1,random,8,1,10,1,40,,,1000,400,,,,,,,,,,,100,12,10,300,0.4,1,140000.0,0.99956,1477.91,,-1,70.76341724395752,4470.68,logs/11-27-2024_sift1M_NHQ_kgraph/summary_NHQ_kgraph_sift1M_efsearch400.txt,1306.28125
NHQ_kgraph,sift1M,128,1000000,10000,1,1,random,8,1,10,1,40,,,1000,500,,,,,,,,,,,100,12,10,300,0.4,1,140000.0,0.99969,1075.02,,-1,70.76341724395752,5275.89,logs/11-27-2024_sift1M_NHQ_kgraph/summary_NHQ_kgraph_sift1M_efsearch500.txt,1306.28125
NHQ_kgraph,sift1M,128,1000000,10000,1,1,random,8,1,10,1,40,,,1000,1000,,,,,,,,,,,100,12,10,300,0.4,1,140000.0,0.9998,662.874,,-1,70.76341724395752,8749.88,logs/11-27-2024_sift1M_NHQ_kgraph/summary_NHQ_kgraph_sift1M_efsearch1000.txt,1306.28125
Milvus_HNSW,sift1M,128,1000000,10000,1,1,random,8,1,10,128,40,,,1000,400,,,,,,,,,,,,,,,,,,-1,-1,,29.22064447402954,-1,-1,logs/11-28-2024_sift1M_Milvus_HNSW/summary_Milvus_HNSW_sift1M_ef_search400.txt,6085.453125
Milvus_HNSW,sift1M,128,1000000,10000,1,1,random,8,1,10,1,40,,,1000,400,,,,,,,,,,,,,,,,,,0.99691,111.69175667369393,,-1,-1,-1,logs/11-28-2024_sift1M_Milvus_HNSW/summary_Milvus_HNSW_sift1M_ef_search400.txt,99.625
Milvus_HNSW,sift1M,128,1000000,10000,1,1,random,8,1,10,1,40,,,1000,20,,,,,,,,,,,,,,,,,,0.91728,151.86187997956088,,-1,-1,-1,logs/11-28-2024_sift1M_Milvus_HNSW/summary_Milvus_HNSW_sift1M_ef_search20.txt,97.94140625
Milvus_HNSW,sift1M,128,1000000,10000,1,1,random,8,1,10,1,40,,,1000,40,,,,,,,,,,,,,,,,,,0.97439,140.99590655755057,,-1,-1,-1,logs/11-28-2024_sift1M_Milvus_HNSW/summary_Milvus_HNSW_sift1M_ef_search40.txt,97.47265625
Milvus_HNSW,sift1M,128,1000000,10000,1,1,random,8,1,10,1,40,,,1000,60,,,,,,,,,,,,,,,,,,0.98926,132.45478741634804,,-1,-1,-1,logs/11-28-2024_sift1M_Milvus_HNSW/summary_Milvus_HNSW_sift1M_ef_search60.txt,98.37890625
Milvus_HNSW,sift1M,128,1000000,10000,1,1,random,8,1,10,1,40,,,1000,80,,,,,,,,,,,,,,,,,,0.99453,124.59756995787582,,-1,-1,-1,logs/11-28-2024_sift1M_Milvus_HNSW/summary_Milvus_HNSW_sift1M_ef_search80.txt,99.87890625
Milvus_HNSW,sift1M,128,1000000,10000,1,1,random,8,1,10,1,40,,,1000,100,,,,,,,,,,,,,,,,,,0.99667,117.4095289872508,,-1,-1,-1,logs/11-28-2024_sift1M_Milvus_HNSW/summary_Milvus_HNSW_sift1M_ef_search100.txt,97.88671875
Milvus_HNSW,sift1M,128,1000000,10000,1,1,random,8,1,10,1,40,,,1000,150,,,,,,,,,,,,,,,,,,0.99888,109.79364993849894,,-1,-1,-1,logs/11-28-2024_sift1M_Milvus_HNSW/summary_Milvus_HNSW_sift1M_ef_search150.txt,98.421875
Milvus_HNSW,sift1M,128,1000000,10000,1,1,random,8,1,10,1,40,,,1000,200,,,,,,,,,,,,,,,,,,0.99942,101.91239199952501,,-1,-1,-1,logs/11-28-2024_sift1M_Milvus_HNSW/summary_Milvus_HNSW_sift1M_ef_search200.txt,98.88671875
Milvus_HNSW,sift1M,128,1000000,10000,1,1,random,8,1,10,1,40,,,1000,300,,,,,,,,,,,,,,,,,,0.9997,93.36201056245802,,-1,-1,-1,logs/11-28-2024_sift1M_Milvus_HNSW/summary_Milvus_HNSW_sift1M_ef_search300.txt,99.89453125
Milvus_HNSW,sift1M,128,1000000,10000,1,1,random,8,1,10,1,40,,,1000,400,,,,,,,,,,,,,,,,,,0.99979,85.57861272473572,,-1,-1,-1,logs/11-28-2024_sift1M_Milvus_HNSW/summary_Milvus_HNSW_sift1M_ef_search400.txt,99.89453125
Milvus_HNSW,sift1M,128,1000000,10000,1,1,random,8,1,10,1,40,,,1000,500,,,,,,,,,,,,,,,,,,0.99981,79.40773965294218,,-1,-1,-1,logs/11-28-2024_sift1M_Milvus_HNSW/summary_Milvus_HNSW_sift1M_ef_search500.txt,98.88671875
Milvus_HNSW,sift1M,128,1000000,10000,1,1,random,8,1,10,1,40,,,1000,1000,,,,,,,,,,,,,,,,,,0.99982,64.32275208942468,,-1,-1,-1,logs/11-28-2024_sift1M_Milvus_HNSW/summary_Milvus_HNSW_sift1M_ef_search1000.txt,100.578125
ACORN,sift1M,128,1000000,10000,8,1,random,8,1,10,128,40,,,1000,400,12.0,64,,,,,,,,,,,,,,,,-1,-1,,113.156,1019.6157360076904,-1,logs/12-18-2024_sift1M_ACORN/summary_ACORN_sift1M_efs400.txt,1992.171875
ACORN,sift1M,128,1000000,10000,8,1,random,8,1,10,1,40,,,1000,400,12.0,64,,,,,,,,,,,,,,,,0.999,225.031,,-1,1019.6157360076904,9900.943,logs/12-18-2024_sift1M_ACORN/summary_ACORN_sift1M_efs400.txt,11194.78515625
DiskANN,sift1M,128,1000000,10000,8,1,random,8,1,10,128,40,,,,,,,1.2,400,,,,,,,,,,,,,,-1,-1,,24.7893,650.1415224075317,-1,logs/12-18-2024_sift1M_DiskANN/summary_DiskANN_sift1M_L400.txt,843.0
DiskANN,sift1M,128,1000000,10000,8,1,random,8,1,10,1,40,,,,,,,1.2,400,,,,,,,,,,,,,,98.03,724.53,,-1,650.1415224075317,2502.46,logs/12-18-2024_sift1M_DiskANN/summary_DiskANN_sift1M_L400.txt,765.0
HNSW,sift1M,128,1000000,10000,8,1,random,8,1,10,128,40,,,1000,400,,,,,,,,,,,,,,,,,,-1,-1,,85.62,808.806978225708,-1,logs/12-18-2024_sift1M_HNSW/summary_HNSW_sift1M_efs400.txt,1451.9375
HNSW,sift1M,128,1000000,10000,8,1,random,8,1,10,1,40,,,1000,400,,,,,,,,,,,,,,,,,,1.0,75.934,,-1,808.806978225708,18045.53,logs/12-18-2024_sift1M_HNSW/summary_HNSW_sift1M_efs400.txt,130108.98046875
IVFPQ,sift1M,128,1000000,10000,8,1,random,8,1,10,128,,,10,,,,,,,,64,,,,,,,,,,,,-1,-1,,-1,11.645557403564453,-1,logs/12-18-2024_sift1M_IVFPQ/summary_IVFPQ_sift1M_nprobe10.txt,
IVFPQ,sift1M,128,1000000,10000,8,1,random,8,1,10,128,,,10,,,,,,,,64,,,,,,,,,,,,-1,-1,,180.66,11.645557403564453,-1,logs/12-18-2024_sift1M_IVFPQ/summary_IVFPQ_sift1M_nprobe10.txt,1096.1640625
IVFPQ,sift1M,128,1000000,10000,8,1,random,8,1,10,1,,,10,,,,,,,,64,,,,,,,,,,,,0.0,7573.928,,-1,11.645557403564453,-1,logs/12-18-2024_sift1M_IVFPQ/summary_IVFPQ_sift1M_nprobe10.txt,43.91015625
IVFPQ,sift1M,128,1000000,10000,8,1,random,8,1,10,1,,,10,,,,,,,,64,,,,,,,,,,,,0.0,7103.377,,-1,11.645557403564453,-1,logs/12-18-2024_sift1M_IVFPQ/summary_IVFPQ_sift1M_nprobe10.txt,43.91015625
IVFPQ,sift1M,128,1000000,10000,8,1,random,8,1,10,1,,,10,,,,,,,,64,,,,,,,,,,,,0.21,83.313,,-1,11.645557403564453,-1,logs/12-18-2024_sift1M_IVFPQ/summary_IVFPQ_sift1M_nprobe10.txt,129318.87890625
Milvus_HNSW,sift1M,128,1000000,10000,8,1,random,8,1,10,128,40,,,1000,400,,,,,,,,,,,,,,,,,,-1,-1,,41.80548143386841,-1,-1,logs/12-19-2024_sift1M_Milvus_HNSW/summary_Milvus_HNSW_sift1M_ef_search400.txt,6183.1015625
Milvus_HNSW,sift1M,128,1000000,10000,8,1,random,8,1,10,1,40,,,1000,400,,,,,,,,,,,,,,,,,,0.99843,28.68221505885331,,-1,-1,-1,logs/12-19-2024_sift1M_Milvus_HNSW/summary_Milvus_HNSW_sift1M_ef_search400.txt,98.87890625
Milvus_IVFPQ,sift1M,128,1000000,10000,8,1,random,8,1,10,128,,,10,,,,,,,,,,,,,,,,,,,,-1,-1,,48.320570945739746,-1,-1,logs/12-19-2024_sift1M_Milvus_IVFPQ/summary_Milvus_IVFPQ_sift1M_nprobe10.txt,6182.53515625
Milvus_IVFPQ,sift1M,128,1000000,10000,8,1,random,8,1,10,1,,,10,,,,,,,,,,,,,,,,,,,,0.99365,90.81795612296261,,-1,-1,-1,logs/12-19-2024_sift1M_Milvus_IVFPQ/summary_Milvus_IVFPQ_sift1M_nprobe10.txt,94.66015625
NHQ_kgraph,sift1M,128,1000000,10000,8,1,random,8,1,10,128,40,,,1000,400,,,,,,,,,,,100,12,10,300,0.4,1,140000.0,-1,-1,,16.569,74.55657482147217,-1,logs/12-19-2024_sift1M_NHQ_kgraph/summary_NHQ_kgraph_sift1M_efsearch400.txt,4790.90625
NHQ_kgraph,sift1M,128,1000000,10000,8,1,random,8,1,10,128,40,,,1000,400,,,,,,,,,,,100,12,10,300,0.4,1,140000.0,-1,-1,,-1,76.36934661865234,-1,logs/12-19-2024_sift1M_NHQ_kgraph/summary_NHQ_kgraph_sift1M_efsearch400.txt,
RII,sift1M,128,1000000,10000,8,1,random,8,1,10,128,,,,,,,,,,,64,,,,,,,,,,,,-1,-1,,123.99887728691101,127.45299339294434,-1,logs/12-19-2024_sift1M_RII/summary_RII_sift1M.txt,1361.3671875
RII,sift1M,128,1000000,10000,8,1,random,8,1,10,1,,,,,,,,,,,64,,,,,,,,,,,,0.00909,242.547190543117,,-1,127.45299339294434,-1,logs/12-19-2024_sift1M_RII/summary_RII_sift1M.txt,1307.40234375
RII,sift1M,128,1000000,10000,8,1,random,8,1,10,1,,,,,,,,,,,64,,,,,,,,,,,,0.00909,242.68305753675781,,-1,127.45299339294434,-1,logs/12-19-2024_sift1M_RII/summary_RII_sift1M.txt,1307.40625
RII,sift1M,128,1000000,10000,8,1,random,8,1,10,1,,,,,,,,,,,64,,,,,,,,,,,,0.00909,242.7604757429395,,-1,127.45299339294434,-1,logs/12-19-2024_sift1M_RII/summary_RII_sift1M.txt,1307.40625
RII,sift1M,128,1000000,10000,8,1,random,8,1,10,1,,,,,,,,,,,64,,,,,,,,,,,,0.56511,378.96843306103614,,-1,127.45299339294434,-1,logs/12-19-2024_sift1M_RII/summary_RII_sift1M.txt,1305.64453125
